Train_no,Location,Time,Temperature,Feels like,Humidity,Wind,Rain,arrival delay
26102,Ajni,1000,27.71,31.86,74.57,17.86,0.01,0
26102,Wardha,1100,28.86,32.29,67.57,19.57,0.06,6
26102,Badnera,1200,29.57,32.71,60.43,19.43,0.09,9
26102,Akola,300,30.71,33.29,49.86,21.57,0.03,12
26102,SHEGAON,100,31,33.71,50.14,22.86,0.06,10
26102,BHUSAVAL,150,31.29,34.29,48.57,20,0.16,10
26102,JALGAON,150,30.57,33.86,55.43,22.71,0.03,14
26102,MANMAD,1700,26.29,27.57,60.86,20.29,0.06,10
26102,KOPARGAON,1800,27,28.86,67.71,21.71,0.01,16
26102,Pune,2200,22.29,24,94.29,8.57,0.03,0
64523,AMBALA,1000,29.57,30.43,47.71,9.57,0.01,83
64523,RAJPURA,1000,30.86,30.86,40.43,8.43,0,77
64523,SIRHIND,1100,31.57,31,32.86,8.43,0.03,83
64523,GOVINDGARH,1100,31.57,33.14,48.71,9.29,0,78
64523,KHANNA,1100,31.57,31,32.86,8.43,0.03,78
64523,DORAHA,1200,33.14,32.14,26,9,0.04,80
64523,LUDHIANA,1200,33.14,32.14,26,9,0.04,79
68084,ADRA,2000,31.29,29.29,23.86,17.86,0,0
68084,Purulia,2000,27,31,84.43,10.71,0.07,10
68084,Bankura,2100,25.86,29,87.29,16.57,0.4,10
68084,CHHATNA,2100,25.86,29,87.29,16.57,0.4,7
68084,Gouripur,2100,27.29,30.86,81.71,10,0.07,0
68084,ONDA,2200,24.71,26.14,59.29,5.86,0,10
68084,BISHNUPUR,2200,26.29,30.29,89.57,14,0.16,0
15637,AGARTALA,600,26.43,30.29,90.43,8.43,0.43,0
15637,Khowai,700,26,30,94.71,4.57,0.06,17
15637,AMBASA,700,25.57,28.29,88.86,10.43,0.01,23
15637,DHARMANAGAR,800,27.71,32.29,89,4.71,0.07,13
15637,KARIMGANJ,1000,30.86,37.71,73.43,5.57,0,28
15637,BADARPUR,1000,31,38.57,75.29,5,0.03,50
15637,ARUNACHAL,1100,31.57,39.57,70.86,5,0.03,72
12180,AGRA,600,25.43,26.57,72,6.71,0.04,0
12180,FIROZABAD,700,25.71,27.14,75.29,8.71,0.21,3
12180,SHIKOHABAD,800,26.71,28.43,71.43,10.43,0.31,7
12180,ETAWAH,800,26.43,28.43,73.43,13,1.49,12
12180,BHARTHANA,800,26.43,28.43,73.43,13,1.49,12
12180,PHAPHUND,800,25.86,27.86,75.57,13.29,0.61,16
12180,JHINJHAK,900,26.57,29,72.29,14.43,1.71,19
12180,RURA,900,26.57,29,72.29,14.43,1.71,23
12180,KANPUR,1100,28.14,31,68.43,15.43,0.44,0
12180,UNNAO,1100,28.14,31,68.43,16,0.3,0
12180,LUCKNOW,1200,28.57,31.29,69,15,0.91,0
